{
  "timestamp": "2026-02-09T12:51:23.079599",
  "num_processes": 1,
  "num_epochs": 2,
  "batch_size": 16,
  "rank_results": [
    {
      "rank": 0,
      "world_size": 1,
      "epochs": [
        {
          "epoch": 0,
          "train_loss": 7.785890746116638,
          "duration_sec": 16.09732937812805,
          "num_batches": 20,
          "learning_rate": 0.000505
        },
        {
          "epoch": 1,
          "train_loss": 7.746274995803833,
          "duration_sec": 7.865708351135254,
          "num_batches": 20,
          "learning_rate": 1e-05
        }
      ],
      "total_duration_sec": 23.963738679885864
    }
  ],
  "aggregated_metrics": {
    "avg_loss": 7.746274995803833,
    "total_duration_sec": 23.963738679885864,
    "samples_per_sec": 13.353508994345455
  }
}