{
  "status": "PASSED",
  "timestamp": "2025-12-24T11:37:43.823120",
  "cpp_bindings_active": false,
  "tests_passed": 6,
  "tests_failed": 0,
  "details": {
    "weight_creation_time_s": 2.8269234001636505,
    "num_layers": 39,
    "quantization_config": "QuantizationConfig(group_size=256, per_group=True, clip=4.0)",
    "engine_init_time_s": 0.0009710998274385929,
    "quantization_time_s": 2.2809820000547916,
    "layers_quantized": 39,
    "original_size_mb": 189.017578125,
    "quantized_size_mb": 13.290298461914062,
    "compression_ratio": 14.222222222222221,
    "mean_error": 0.0002883218201951912,
    "max_error": 0.0003913403779733926
  }
}